,text,category
0,"COVID-19 has impacted our lives in various ways. However, let us be vigilant and adhere to the preventive measures and Standard Operating Procedures to end COVID-19. #STAYSAFEUG",Other COVID information
1,"The President of Uganda, His Excellency, Yoweri Kaguta Museveni demonstrates an indoor work-out to keep fit and healthy during this COVID-19 pandemic. Remember to exercise daily for at least 30 minutes to prevent Non-Communicable Diseases and stay fit. #STAYSAFEUG",Other COVID information
2,"The Minister of Health, Dr. Jane Ruth Aceng Ocero and Permanent Secretary, Dr. Diana Atwine officiate at a COVID-19 Sensitization Meeting for Spiritual Leaders (Born Again Faith) of Lango sub-region at All Nations in Lira City. Leaders are instrumental in mobilizing communities to adhere to SOPs in the wake of disease outbreaks.",Other COVID information
3,"Continuous sensitization of leaders and communities on COVID-19 and other diseases is key in preventing avoidable deaths. Ag. Commissioner in charge of Health Promotion and Education, Dr Richard Kabanda engages with staff, political leaders and key community leaders at Namasale Sub-County in Amolatar District on promoting health and preventing diseases amidst the ongoing COVID-19 pandemic. This is part of the activities undertaken by the Ministry of Health top management during the routine support supervision currently taking place in Lango sub-region. The teams will visit Apac, Kole, Lira, Amolatar and Dokolo.",Other COVID information
4,Other information (covid),Other COVID information
5,"Dr Phionah Atuhebwe, a Ugandan working at World Health Organization African Region narrates her ordeal after contracting the dangerous COVID-19. ‚ÄúI was the youngest, most active and the healthiest of all of us who got COVID. But I was the person that ended up in ICU‚Äù #STAYSAFEUG",Other COVID information
6,"The Ministry of Health confirms one COVID-19 death today bringing the total COVID-19 deaths to 4. Results of COVID-19 tests done on 31 July 2020 confirm 22 new cases. The cumulative confirmed cases of Ugandans to-date is 1,176. #STAYSAFEUG",New COVID cases or deaths
7,"Results of COVID-19 tests done on 08 August 2020 confirm 16 new cases. The total cumulative confirmed cases of Ugandans is 1,283. üî∫Uganda registered one death today, bringing the total COVID-19 deaths to seven (7). üî∏Cumulative COVID-19 recoveries: 1,115. #STAYSAFEUG",New COVID cases or deaths
8,"Uganda has registered one COVID-19 death today. This brings the total COVID-19 deaths to three. Results from COVID-19 tests done on 30 July 2020 confirmed 7 cases bringing the cumulative total of confirmed Ugandan cases to 1,154. #STAYSAFEUG",New COVID cases or deaths
9,Never underestimate the power of social distancing in the fight against COVID-19. #STAYSAFEUG,Other COVID information
10,"Results from COVID-19 tests done on 26 August 2020 confirm 155 new cases. The cumulative confirmed cases of Ugandans is now 2,679. üî∫2 new COVID deaths recorded. The total COVID-19 deaths are now 28.",New COVID cases or deaths
11,"Meet Sekajja Abdullah, a truck driver who tested positive for COVID-19 and has since recovered. ‚ÄúProtect yourself, keep a physical distance, wear a face mask and wash your hands regularly. Corona is real‚Äù Abdullah says.",Other COVID information
12,"Results of COVID-19 tests done on 23 August 2020 confirm 99 new cases. This brings the cumulative total of confirmed cases to 2,362. üî∫Two (2) COVID-19 deaths were recorded bringing the total COVID-19 deaths to 22. #STAYSAFEUG",New COVID cases or deaths
13,"Results of COVID-19 tests done on 27 August 2020 confirm 77 new cases. The cumulative confirmed cases of Ugandans is now 2,756. üî∏Recoveries: 1,288 #STAYSAFEUG",New COVID cases or deaths
14,Don‚Äôt stigmatize anyone but remember you can get COVID-19 from anyone. Say NO to COVID-19 by: üò∑Always wearing a Face mask properly Maintaining a social distance üíßWashing your hands with soap and water or use a hand sanitizer always #STAYSAFEUG,Other COVID information
15,"Results of COVID-19 tests done on 19 August 2020 confirm 94 new cases. This brings the total confirmed COVID-19 cases of Ugandans to 1,750. üî∫Uganda has recorded 3 new COVID-19 deaths bringing the total COVID-19 deaths to 19. üî∏Recoveries: 1,194 #STAYSAFEUG",New COVID cases or deaths
16,"What are the signs and symptoms of COVID-19? -Fever -Body weakness -Cough -Difficulty in breathing -Loss of smell -Loss of appetite -Sore throat If you have any of the above symptoms, call Ministry of Health on 0800-100-066 or KCCA on 0800-990-000 #STAYSAFEUG",Other COVID information
17,"Results of COVID-19 tests done on 25 August 2020 confirm 98 new cases. The cumulative confirmed cases of Ugandans to-date is 2,524. üî∫One new COVID-19 death recorded today. The total COVID-19 deaths are now 26 üî∏Recoveries: 1,268 #STAYSAFEUG",New COVID cases or deaths
18,"Results from COVID-19 tests done on 24 August 2020 confirm 64 new cases. This brings the cumulative confirmed cases of Ugandans to 2,426. üî∫3 new COVID-19 deaths recorded. The total COVID-19 deaths are 25. üî∏Recoveries: 1,267 #STAYSAFEUG",New COVID cases or deaths
19,"Results from tests done on 09 August 2020 confirm 14 new COVID cases. The cumulative confirmed cases of Ugandans are 1,297. üî∫Uganda has registered 2 COVID-19 deaths today. This brings the total COVID-19 deaths to 9. üî∏Recoveries: 1,137 #STAYSAFEUG",New COVID cases or deaths
20,"Results of COVID-19 tests done on 06 August 2020 confirm 31 new cases. üî∫Uganda registered one death bringing the total COVID-19 deaths to six. üî∫Cumulative confirmed cases of Ugandans: 1,254 üî∫Cumulative recoveries: 1,113 #STAYSAFEUG",New COVID cases or deaths
21,"Results from COVID-19 tests done on 20 August 2020 confirm 98 new cases. This brings the cumulative confirmed cases of Ugandans to 1,848. üî∏Recoveries: 1,199 #STAYSAFEUG",New COVID cases or deaths
22,"Results from COVID-19 tests done on 17 August, 2020 confirm 43 new COVID cases. The cumulative total number of confirmed Ugandans is now 1,603. #STAYSAFEUG",New COVID cases or deaths
23,Always #WearAMask when in public to prevent COVID-19. Remember to also wash your hands with soap and water/use a hand sanitizer and social distance. Protect yourself and your loved ones from COVID-19. #STAYSAFEUG,Other COVID information
24,"Results from COVID-19 tests done on 18 August 2020 confirm 53 new cases. This brings the total confirmed COVID cases of Ugandans to 1,656. üî∫Uganda has registered one COVID-19 death today bringing the total COVID-19 deaths to 16. üî∏Recoveries: 1,188",New COVID cases or deaths
25,"Results from COVID-19 tests done on 10 August 2020 confirm 16 new cases. The cumulative confirmed cases of Ugandans to-date are 1,313. #STAYSAFEUG",New COVID cases or deaths
26,"Results from COVID-19 tests done on 11 August 2020 confirm 19 new cases. The cumulative confirmed cases of Ugandans to date is 1,332. üî∏Recoveries: 1,139 #STAYSAFEUG",New COVID cases or deaths
27,"Results of COVID-19 tests done on 3 August 2020 confirm 8 new COVID-19 cases. The cumulative confirmed cases of Ugandans to-date is 1,203. #STAYSAFEUG",New COVID cases or deaths
28,"Results of COVID-19 tests done on 05 August 2020 confirm 10 new cases. The cumulative confirmed cases of Ugandans to-date is 1,223. #STAYSAFEUG",New COVID cases or deaths
29,"Results of COVID-19 tests done on 04 August 2020 confirm 10 new cases. The cumulative confirmed cases of Ugandans to-date is 1,213. #STAYSAFEUG",New COVID cases or deaths
30,Say No to Tobacco; Say No to COVID-19. Smoking makes you more vulnerable to COVID-19. Stop smoking and make your lungs happy. #STAYSAFEUG,Other COVID information
31,"Today, Uganda has registered the highest number COVID-19 cases at 318 in a single day. The breakdown of the cases is as follows; ‚Ä¢ Amuru Prisons: 154 (153 inmates, 1 prison staff) ‚Ä¢ Contacts and Alerts (136) : Kampala -65, Kiryandongo-14, Gulu-9, Mbarara-9, Kitgum-8, Arua-8, Wakiso-7, Mbale-4, Buikwe-4, Masaka-2, Bugiri-1, Jinja-1, Luweero-1 Manafwa 1, Masindi 1, Mityana 1 ‚Ä¢ Health workers (20): Kitgum 9, Kampala 6, Arua 2, Adjumani 1, Kiryandongo 1, Luweero 1 ‚Ä¢ Truck drivers (8): Malaba 3, Busia 2, Mpondwe 1, Oraba 1, Madi Opei 1 We also recorded one (1) COVID-19 death, a 49 year old male from Mbale District, bringing the total cumulative COVID-19 deaths to 20. The cumulative number of confirmed cases of COVID-19 in Uganda is 2,166 Currently, Kampala Metropolitan Area has the highest numbers of community transmission. A cumulative total of 540 COVID-19 cases have been reported in Kampala since the 23rd March. Of these, 342 cases were registered within the last one week, from 15th August to 21st August 2020 including 5 COVID-19 deaths. Several institutions including; Malaysia Furnishing, Royal Pharma, Ministry of Finance, Planning and Economic Development, IGG,KCCA, Toyota, NRM Secretariat, Eagle Holdings,Megha Industries, media houses (New Vision, NBS,NTV,BBS) and other private hospitals have reported clusters This highlights the need to ensure that workplaces strictly observe the Standard Operating Procedures and Infection, Prevention and Control measures to limit the spread of COVID-19.",New COVID cases or deaths
32,"Results of COVID-19 tests done on 19 August 2020 confirm 94 new cases. This brings the total confirmed COVID-19 cases of Ugandans to 1,750. üî∫Uganda has recorded 3 new COVID-19 deaths bringing the total COVID-19 deaths to 19. üî∏Recoveries: 1,194 #staysafeug",New COVID cases or deaths
33,"Results from COVID-19 tests done on 13 August, 2020 confirm 32 new cases. The cumulative confirmed cases of Ugandans is now 1,385. üî∫One new COVID-19 death registered bringing the total COVID-19 deaths to 12 üî∏Ugandan recoveries: 1,142 #STAYSAFEUG",New COVID cases or deaths
34,"The Ministry of Health confirms one death today bringing the total number of COVID-19 deaths to 5. 13 new COVID-19 cases were confirmed from samples tested on 2 August 2020. This brings the cumulative confirmed cases of Ugandans to 1,195 #STAYSAFEUG",New COVID cases or deaths
35,COVID-19 is real and deadly. Let us be vigilant to prevent further spread of the disease in our communities. #STAYSAFEUG,Other COVID information
36,"Results of COVID-19 tests done on 12 August confirm 21 new cases. The cumulative confirmed cases of Ugandans are 1,353. üî∏2 new COVID-19 deaths registered bringing the total COVID-19 deaths to 11 üîπTotal recoveries: 1,141 #STAYSAFEUG CORRECTION:The 60year old male of Indian origin was referred to Mulago National Hospital from International Hospital, Kampala. Unfortunately, He passed on while on admission at Mulago Hospital. May the deceased‚Äôs soul Rest In Peace. We regret the error in the statement",New COVID cases or deaths
37,"Results from COVID-19 tests done on 22 August 2020 97 new COVID-19 cases confirmed today. The cumulative total confirmed cases of Ugandans is now 2,263 üî∫Contacts and alerts (90): Kampala- 59 Wakiso- 11 Buikwe- 6 Luweero- 3 Namisindwa- 3 Mukono- 2 Jinja- 2 Kabale- 1 Amuru- 1 Oyam - 1 Tororo - 1 üî∫1 returnee from Mali üî∫6 truck drivers from points of entry : - Malaba- 2 - Busia - 2 - Mpondwe - 1 - Padea- 1 üî∫10 foreign truck drivers tested positive for COVID-19 at the border points of entry and their entry into the country was not permitted üî∏ Ugandan recoveries: 1,226 üîπsamples from Points of Entry: 1,501 üî∏Samples from Contacts and Alerts: 2,504 üîπTotal samples tested today: 4,005",New COVID cases or deaths
38,"Results from COVID-19 tests done on 15 August 2020 66 new COVID-19 cases have been confirmed. The cumulative total confirmed cases of Ugandans are now 1,500 üî∫ 53 alerts: - 30 from Kampala - 6 from Namisindwa - 7 from Wakiso - 10 from Tororo, Moroto, Katakwi, Buikwe, Bukwo, Bundibugyo, Mbale, Isingiro, Hoima and Buliisa üî∫11 contacts to previously confirmed cases: - 9 from Kampala - 2 from Namisindwa and Nakaseke üî∫2 returnees: 1 from Ethiopia, 1 from Oman üî∫16 foreign truck drivers tested positive for COVID-19 at the border points of entry and their entry into the country was not permitted üî∏ Ugandan recoveries: 1,142 üîπSamples from Points of Entry tested today: 1,868 üî∏Samples from alerts and contacts: 2,948 üîπTotal samples tested today: 4,816",New COVID cases or deaths
39,"Results from COVID-19 tests done on 14 August 2020 49 new COVID-19 cases have been confirmed. The cumulative total confirmed cases of Ugandans are now 1,434 üü£ Uganda registers one COVID-19 death bringing the total COVID-19 deaths to 13. The deceased is a 50 year old Ugandan male, resident of Kiryandongo who presented with COVID like signs and symptoms. üî∫2 truck drivers arrived from Kenya via Malaba Point of Entry üî∫6 contacts to previously confirmed cases: - 1 from Bushenyi - 5 from Kampala üî∫37 alerts: - 17 from Kampala - 2 from Wakiso - 14 from Namisindwa - 1 from Kiryandongo - 2 from Mbarara and Lamwo üî∫4 returnees: 1 from USA, 3 from Saudi Arabia üî∫19 foreign truck drivers tested positive for COVID-19 at the border points of entry and their entry into the country was not permitted üî∏ Ugandan recoveries: 1,142 üîπSamples from Points of Entry tested today: 1302 üî∏Samples from alerts and contacts: 2,466 üîπTotal samples tested today: 3,768",New COVID cases or deaths
40,"Results from COVID-19 tests done on 16 August, 2020 confirm 60 new cases. This brings the cumulative confirmed cases of Ugandans to 1,560. üî∫Uganda registered two new COVID-19 deaths today bringing the total COVID-19 deaths to 15 üî∏COVID-19 recoveries: 1,165 #STAYSAFEUG",New COVID cases or deaths
41,"Results from COVID-19 tests done on 28 August 2020 91 new COVID-19 cases have been confirmed. The cumulative total confirmed cases of Ugandans are now 2,847 üî∫Uganda recorded one COVID-19 death today. A Ugandan female aged 45 years old and a resident of Kampala. The total COVID-19 deaths are now 29. The breakdown of the 91 new cases are: üî∫Contacts and alerts (88): Kampala- 44, Luweero - 18, Kikuube- 6, Wakiso- 5, Tororo- 3, Ntoroko- 3, Jinja- 3, Kitgum- 2, Buikwe- 1, Gulu- 1, Lira- 1, Mukono- 1 üî∫1 health worker from Luweero üî∫2 truck drivers who arrived via Malaba 3 foreign truck drivers tested positive for COVID-19 at the border points of entry and their entry into the country was not permitted üî∏ Ugandan recoveries: 1,288 üîπPoints of Entry samples: 1,073 üî∏Samples from contacts and alerts: 3,402 üîπTotal samples tested today: 4,475",New COVID cases or deaths
42,"Results from COVID-19 tests done on 29 August 2020 81 new COVID-19 cases have been confirmed. The cumulative total confirmed cases of Ugandans are now 2,928 üî∫Contacts and alerts (67): Kampala 32, Kiryandongo 9, Kitgum 7, Wakiso 4, Mukono 4, Iganga 3, Jinja 2, Gulu 2, Mbale 1, Oyam 1, Bundibugyo 1, Namisindwa 1 üî∫Health workers (12): Lira 4, Kampala 3, Moroto 3, Jinja 1, Tororo 1 üî∫Truck drivers (2) who arrived via Malaba üî∫Uganda recorded one COVID-19 death today. A Ugandan male aged 65 years old and a resident of Mbale. The total COVID-19 deaths are now 30. 11 foreign truck drivers tested positive for COVID-19 at the border points of entry and their entry into the country was not permitted üî∏ Ugandan recoveries: 1,288 üîπPoints of Entry samples: 791 üî∏Samples from contacts and alerts: 3,099 üîπTotal samples tested today: 3,890",New COVID cases or deaths
43,Update on Uganda‚Äôs interventions in the fight against COVID-19.,Other COVID information
44,"Results from COVID-19 tests done on 01 August 2020 6 new COVID-19 cases confirmed.The cumulative total confirmed cases of Ugandans are now 1,182. üî∫2 truck drivers arrived via Malaba üî∫3 returnees: 2 arrived from Somalia and 1 arrived from Saudi Arabia üî∫1 alert from Nakaseke üî∫5 foreign truck drivers tested positive for COVID-19 at the borders and their entry into the country was not permitted üî∏Ugandan Recoveries: 1,045 üîπSamples from Points of Entry tested today: 1,603 üî∏Samples from alerts and contacts: 1,304 üîπTotal samples tested today:2,907",New COVID cases or deaths
45,"Results from COVID-19 tests done on 07 August 2020 13 new COVID-19 cases have been confirmed. The cumulative total confirmed cases of Ugandans are now 1,267 üî∫1 truck driver arrived via Ngomoromo, Lamwo üî∫3 contacts to previously confirmed cases - 1 from Kampala - 1 from Nakaseke - 1 from Ngora üî∫6 alerts: - 2 from Kampala - 1 from Kisoro - 1 from Sheema - 2 from Wakiso üî∫3 Returnees: - 2 from South Sudan - 1 from DRC üî∫19 foreign truck drivers tested positive for COVID-19 at the border points of entry and their entry into the country was not permitted üî∏ cumulative Ugandan recoveries: 1,115 üîπSamples from Points of Entry tested today: 1,398 üî∏Samples from alerts and contacts: 1,298 üîπTotal samples tested today: 2,696",New COVID cases or deaths
46,"The Minister for Health Dr. Jane Ruth Aceng Ocero launches the Regional Emergency Operations Center in Mbale. This will serve as the situation room for key stakeholders responding to disease outbreaks such as COVID-19. The regional task force was established with support from security forces to coordinate the COVID-19 response in the affected districts in Eastern region. The affected districts are: Mbale, Namisindwa, Manafwa, Bududa, Sironko and Tororo. Dr Aceng was flanked by a team from World Health Organisation led by Dr Yonas Tegegn Woldemariam.",Other COVID information
47,"Teams from the Ministry of Health led by PS Dr. Diana Atwine visited Busia, Malaba and Lwakhakha Points of Entry, today. This was to assess the COVID-19 response activities at the various borders and set up permanent port health facilities. Dr Atwine appreciated the health workers for doing a commendable job to keep the population safe from the deadly Corona Virus. #STAYSAFEUG",Other COVID information
48,"It's World Breastfeeding Week ü§± This year, the week is held under the theme ""Safe breastfeeding for a healthier nation"" All babies should be breastfed within the first hour of delivery followed by exclusive breastfeeding for the first six months Breastmilk strengthens the immune system to fight infectious diseases including COVID-19. üì∑: UNICEF Uganda.",Other COVID information
49,"A single episode of Malaria costs a family an average of UGX 29,700/- . The good news is Malaria is preventable. Sleep under a mosquito net every night to prevent Malaria. #Sleepunderthenetug",Non-COVID information
50,"TWEET CHAT: ‚ÄúPromotion of governance for health approaches during the COVID-19 pandemic and beyond‚Äù with Senior Public Relations Officer, Emmanuel Ainebyoona Date: Today, 20 August, 2020 Time: 2:00 - 3:00pm",Other COVID information
0,"The COVID-19 response has been boosted with an assortment of medicines from the Government of India. This was received by the Minister for State in-charge of Primary Health Care, Dr Joyce Moriku Kaducu. The Permanent Secretary, Dr. Diana Atwine also received an array of Personal Protective Equipment comprising of 20,000 Face masks, 30,000 Examination Gloves and 120 pieces of infrared thermometers from Fosun Pharma and Phillip's Pharmaceuticals Uganda. The companies were represented by Ani, Director, Phillip's Pharmaceuticals Uganda Limited and Sanjoy Basak Country Head Fosun.",Other COVID information
1,"Results of COVID-19 tests done on 21 September, 2020 confirm 244 new cases. The cumulative confirmed cases of Ugandans are 6,712. The breakdown of the 244 new cases are: ‚Ä¢Contacts and alerts (219): Kiryandongo (26), Kampala (23), Pader (19), Gulu (16), Mukono (14), Moroto (13), Jinja (11), Adjumani (11), Amuru (9), Busia (7), Kitgum (12), Lira (6), Omoro (5), Buvuma (4), Nakapiripirit (5), Arua (3), Iganga (3), Kisoro (3), Kumi (3), Mitooma (3), Nabilatuk (2), Bulambuli (2), Butaleja (2), Soroti (2), Wakiso (2), Abim (1), Buikwe (1), Bunyangabu (1), Kabarole (1), Kapchorwa (1), Kotido (1), Isingiro (1), Mbarara (1), Moyo (1), Ngora (1), Sironko (1), Tororo (1) and Zombo (1) ‚Ä¢Returnees (24): all from India ‚Ä¢Truck driver (1) from Mpondwe Point of Entry One (1) COVID-19 death from Kampala registered today. The total COVID-19 deaths are now 64.",New COVID cases or deaths
2,#YambalaMask,Other COVID information
3,"Results of COVID-19 tests done on 20 September, 2020 confirms 181 new cases. The cumulative confirmed cases of Ugandans to-date is now 6,468. The breakdown of the 181 new cases are: Contacts and alerts (157) : Kampala (73), Mbale (19), Kapchorwa (26), Soroti (10), Jinja (5), Kaberamaido (5), Kumi (3), Buikwe (2), Iganga (2), Isingiro (2), Ngora (3), Busia (1), Kaliro (1), Kanungu (1), Masaka (1), Rakai (1), Sironko (1) and Wakiso (1) Returnees (21): India (20), Tanzania 1 Truck drivers (3) : Malaba Point of Entry",New COVID cases or deaths
4,"The Permanent Secretary, Dr. Diana Atwine and Director General Health Services, Dr Henry G. Mwebesa lead a team of medics to Kawempe National Referral Hospital as part of routine weekly audit meetings on maternal and perinatal deaths. This is aimed at improving maternal health outcomes at the hospital. Today, the team is joined by the management of Nsambya Hospital to share best practices in preventing maternal deaths.",Non-COVID information
5,"Results from COVID-19 tests done on 19 September 2020 270 new COVID-19 cases confirmed. The cumulative total confirmed cases of Ugandans are now 6,287.",New COVID cases or deaths
6,"Results from COVID-19 tests done on 18 September 2020 423 new COVID-19 cases have been confirmed. The cumulative total confirmed cases of Ugandans are now 6,017. üî∫2 new COVID-19 deaths from Kampala and Mpigi. The total COVID-19 deaths are now 63. Contacts and alerts (411): Moroto (166), Kampala (85), Butaleja (59), Mukono (27), Lira (14), Mbale (10), Wakiso (9), Luwero (6), Buikwe (5), Kisoro (4), Gulu (3), Bududa (5), Jinja (4), Kumi (3), Kanungu (1), Kapchorwa (4), Mpigi (1), Soroti (3), Mityana (1), Sironko (1) Returnees (12): from Saudi Arabia (8), India (3), Jordan (1) üî∏ Ugandan recoveries: 2,581 üîπPoint of entry samples: 306 üî∏Contacts and alerts samples: 2,014 üîπTotal samples tested: 2,320",New COVID cases or deaths
7,"Since the onset of the COVID-19 outbreak, 300 children aged 0-18 years have tested positive for COVID-19 in Uganda. As a parent/guardian, you are responsible for the safety of your child. #STAYSAFEUG",Other COVID information
8,"Results of COVID-19 tests done on 17 September 2020 confirm 214 new cases. The cumulative confirmed cases of Ugandans is now 5,594. üî∏Recoveries: 2,544 üî∫1 new COVID-19 death registered from Kampala. Total COVID-19 deaths are now 61.",New COVID cases or deaths
9,Sleeping under a mosquito net protects you and your family from Malaria. #SleepUnderTheNetUg,Non-COVID information
10,"The Permanent Secretary, Dr. Diana Atwine has rolled out 100 Abbott Point of Care Machines for Early Infant Diagnosis and Viral Load testing. This enhanced capacity will bolster service delivery and progress towards achieving the 95:95:95 targets towards the ending AIDS in Uganda.",Non-COVID information
11,"Results of COVID-19 tests done on 16 September 2020 confirm 114 new cases. The cumulative confirmed cases of Ugandans now is 5,380. üî∏Recoveries: 2,489 #STAYSAFEUG",New COVID cases or deaths
12,"There are many myths about COVID-19. But, remember, the disease is real and it kills. COVID-19 does NOT know age, tribe, gender or social status. Protect yourself and your loved ones. #WearItForMe #STAYSAFEUG",Other COVID information
13,"The Source of the Nile Bridge has been illuminated this evening with support from Uganda National Roads Authority and World Health Organization Uganda to commemorate World Patients' Safety Day. Lighting up the bridge in orange is a symbolic gesture to represent public recognition of health workers‚Äô efforts to provide safe healthcare every single day. This is evident from the commitment, resilience and hard work exhibited by health workers. Every year, the day is commemorated on September 17. This year, the theme is ‚ÄúHealth worker safety: A priority for patient‚Äôs safety‚Äù üì∑: WHO Uganda.",Non-COVID information
14,Who is a contact to a confirmed COVID-19 case? A contact is someone who has been in the same general area as someone who has tested positive for Coronavirus. #STAYSAFEUG,Other COVID information
15,"Results of COVID-19 tests done on 15 September 2020 confirm 143 new cases. The cumulative confirmed cases of Ugandans are now 5,266. üî∏Recoveries: 2,404 üî∫2 new COVID-19 deaths registered. Total COVID-19 deaths are now 60. #STAYSAFEUG",New COVID cases or deaths
16,"The Minister for Health Dr. Jane Ruth Aceng Ocero has launched the randomized clinical trial for use of COVID-19 convalescent plasma (CCP) for treatment of COVID-19 in Uganda. The commencement of the trial will determine the efficacy of convalescent plasma in treating COVID-19. A total of 162 COVID-19 convalescent plasma units have been collected. This can be used to treat 65 patients. Convalescent plasma is plasma from individuals who have recovered from an infection and it may contain antibodies against that infection. ‚ÄúWe are at phase IV of the outbreak. This means we have widespread community transmission. All our efforts are geared towards mitigation and use of CCP is one part of our strategies‚Äù Dr Aceng said while launching the clinical trials. She further appealed to individuals who have recovered from COVID-19 to continue giving plasma as teams will continue to require it for the trials. Speaking at the launch of the clinical trail, The head Makerere University Lung Institute , Dr Bruce Kirenga said 186 recovered COVID-19 patients willingly consented to participate in the blood donation but only 162 qualified. ‚ÄúThe donors came from all parts of Uganda except Karamoja region, where there was no COVID-19 infection at the time‚Äù he added. All the plasma samples donated had enough antibodies to warrant use in treatment of COVID-19 patients. There is emerging evidence from different countries to support the use of COVID-19 Convalescent plasma in the treatment of COVID-19 especially among severe and critical forms.",Other COVID information
17,"Results of COVID-19 tests done on 14 September 2020 confirm 145 new cases. The cumulative confirmed cases of Ugandans to-date is 5,123. üî∏Recoveries: 2,333 üî∫2 new COVID-19 deaths registered. Total COVID-19 deaths are now 58. #STAYSAFEUG",New COVID cases or deaths
18,The Ministry of Health clarifies on the cost of COVID-19 tests as alleged by an article published by the Sunday Monitor.,Other COVID information
19,"Results of COVID-19 tests done on 13 September 2020 confirm 179 new cases. The cumulative confirmed cases of Ugandans to-date is now 4,978. üî∫One new COVID-19 death registered one Kitgum. The total COVID-19 deaths are now 56. #STAYSAFEUG",New COVID cases or deaths
20,"Results from COVID-19 tests done on 12 September 2020 96 new COVID-19 cases have been confirmed. The cumulative total confirmed cases of Ugandans are now 4,799 üî∫3 COVID-19 deaths from Kampala registered today. This brings the total COVID-19 deaths to 55. Contacts and alerts (88): Kampala (33), Buikwe (28), Jinja (4), Soroti (4), Lira (3), Kibuku (2), Mbarara (2), Terego (2), Tororo (2), Amolatar (1), Arua (1), Iganga (1), Masindi (1), Ngora (1), Moroto (1), Pader (1), Wakiso (1) 7 truck drivers: Malaba (3), Bunagana (2), Elegu (2) 1 returnee from DRC üî∏ Ugandan recoveries: 2,256 üîπPoint of Entry samples: 413 üî∏Samples from contacts and alerts: 2,937 üîπTotal samples tested: 3,350",New COVID cases or deaths
21,"Results from COVID-19 tests done on 11 September 2020 326 new COVID-19 cases have been confirmed. The cumulative total confirmed cases of Ugandans are now 4,703 üî∫3 COVID-19 deaths from Kampala registered today. This brings the total COVID-19 deaths to 52. Contacts and alerts (317): Kampala (94), Buikwe (93), Kitgum (29), Gulu (17), Moroto (19), Mbale (10), Amuru (9), Kapchorwa (8), Pader (7), Nwoya (5), Bududa (5), Mukono (5), Wakiso (4), Jinja (2), Omoro (2), Sironko (3), Zombo (2), Arua (1), Namisindwa (1) and Tororo (1) Returnees (9): India (5), Burkina Faso (1), Iraq (1), Italy (1) and Kenya(1) üî∏ Ugandan recoveries: 1998 üîπPoint of Entry samples: 178 üî∏Samples from contacts and alerts: 3,928 üîπTotal samples tested: 4,106",New COVID cases or deaths
22,"Dr Richard Kabanda, Ag. Commissioner in charge of Health Promotion, Education and Strategic Communication joins a team of experts to discuss managing COVID-19 in Uganda. Date: Saturday, 12 September, 2020 Time: 11:00am üé•: The discussion will be live on MTN Uganda Facebook page. #STAYSAFEUG #WearItForMe",Other COVID information
23,"Results of COVID-19 tests done on 10 September 2020 confirm 86 new cases. The cumulative confirmed cases of Ugandans now is 4,377. üî∫One COVID-19 death registered. The total COVID-19 deaths are now 49.",New COVID cases or deaths
24,"In the hospitals, health workers fight COVID-19 as a unit. Now, let‚Äôs fight COVID-19 as a community. Protect yourself and your loved ones from the disease. JICA Uganda #STAYSAFEUG",Other COVID information
25,"Loss of loved ones, loss of a job or sickness can evoke negative feelings. Allow time to grieve and talk about your feelings with people you trust. #STAYSAFEUG",Non-COVID information
26,"Results of COVID-19 tests done on 09 September 2020 confirm 190 new cases. The cumulative confirmed cases are 4,291. üî∫2 new COVID-19 deaths registered. The total COVID-19 deaths are now 48.",New COVID cases or deaths
27,"Do not discriminate against individuals who have recovered from COVID-19. Once they have recovered, embrace them into the communities with love ‚ù§Ô∏è and care. Remember: COVID-19 does not discriminate and neither should we! #STAYSAFEUG",Other COVID information
28,"Don‚Äôt miss out on this key discussion this Friday, 11 September 2020. THEME: Perspectives on patients clinical management and the referral pathways Time: 3:00-5:00pm #STAYSAFEUG",Non-COVID information
29,"""You do not want your loved ones to be a victim of this deadly pandemic. Wearing a mask and wearing it correctly can protect you and your loved ones from infection"" ~ Dr. Jane Ruth Aceng Ocero #STAYSAFEUG #WearItforMe",Other COVID information
30,"Results of COVID-19 tests done on 08 September 2020 confirmed 201 new cases. This brings the cumulative confirmed cases of Ugandans to 4,101. üî∏Recoveries: 1,876 #STAYSAFEUG",New COVID cases or deaths
31,"Results of COVID-19 tests done on 07 September 2020 confirm 124 new cases. This brings the cumulative confirmed cases of Ugandans to 3,900. üî∏Recoveries: 1,817 üî∫2 new deaths registered. The total COVID-19 deaths are now 46.",New COVID cases or deaths
32,Wearing a face mask when in public can help you prevent COVID-19. Always wear a face mask and ensure that it covers your mouth and nose in order to achieve full protection against COVID-19.,Other COVID information
33,"Results of COVID-19 tests done on 06 September,2020 confirmed 109 new cases. This brings the cumulative confirmed cases of Ugandans to 3,776. üî∫3 COVID-19 deaths registered. This brings the total COVID-19 deaths to 44. #STAYSAFEUG",New COVID cases or deaths
34,"üö®NOTICEüö®: The Ministry of Health would like to inform the general public that Lira Regional Referral Hospital remains OPEN, contrary to social media reports. However, the hospital has been conducting mass testing for COVID-19 among its staff. 4 health workers were confirmed for COVID-19, of which 2 work in the operating theatre. The theatre has since been temporarily closed for disinfection and contact tracing. All other health services remain OPEN to the public with strict adherence to SOPs. However, arrangements are being made to handle emergency surgeries. On a sad note the Ministry annouces the death of a Senior Medical Officer of Lira RRH today due to COVID 19. The Ministry commiserates with the staff of Lira hospital and the entire medical fraternity on this untimely death. May his soul rest in eternal peace.",Other COVID information
35,"Results from COVID-19 tests done on 05 September 2020 128 new COVID-19 cases have been confirmed. The cumulative total confirmed cases of Ugandans are now 3,667 üî∫Two (2) COVID-19 deaths registered today from Kampala and Jinja. This brings the total COVID-19 deaths to 41. üî∫Contacts and alerts (120): Kampala (95), Wakiso (13), Luweero (3), Nwoya (2), Amuru (1), Jinja (1), Kanungu (1), Manafwa (1), Maracha (1), Soroti (1), Zombo (1) üî∫Health workers (7): Kampala (2), Lira (2), Wakiso (2), Mityana (1) üî∫Truck Driver (1): Elegu POE 1 Rwandese truck driver tested positive for COVID-19 at Mirama Hills and his entry into the country was not permitted üî∏ Ugandan recoveries: 1,608 üîπPoints of Entry samples: 284 üî∏Samples from contacts and alerts: 4,639 üîπTotal samples tested today: 4,923",New COVID cases or deaths
36,"Results from COVID-19 tests done on 04 September 2020 186 new COVID-19 cases have been confirmed. The cumulative total confirmed cases of Ugandans are now 3,539 üî∫Four (4) COVID-19 deaths registered today. This brings the total COVID-19 deaths to 39. - 51 year male from Kanungu District - 56 year old male from Kampala - 79 year old female from Wakiso - 60 year old male from Kampala The breakdown of the 186 new cases are: üî∫Contacts and alerts (176): Kampala (81), Gulu (33), Pader (15), Kapchorwa (9), Mukono (6), Kiryandongo (5), Mbale (5), Buikwe (3), Lamwo (3), Bududa (2), Iganga (2), Wakiso (2), Arua (1), Butalejja (1), Buvuma (1), Kanungu (1), Kibuku (1), Kukuube (1), Kitgum (1), Kyegegwa (1), Lira (1), Nebbi (1) üî∫Health workers (7): Jinja (1), Gulu (1), Lamwo (1), Kitgum (1), Mbale (1), Lira (1), Iganga (1) üî∫Truck drivers (3): Malaba (2), Elegu (1) 11 foreign truck drivers tested positive for COVID-19 at the border points of entry and their entry into the country was not permitted üî∏ Ugandan recoveries: 1,608 üîπPoints of Entry samples: 645 üî∏Samples from contacts and alerts:4,104 üîπTotal samples tested today: 4,749",New COVID cases or deaths
37,Results of COVID-19 tests done on 03 September 2020 confirm 65 new cases. üî∫Uganda registered 2 COVID-19 fatalities bringing the total COVID-19 deaths to 35.,New COVID cases or deaths
38,"To address the high teenage pregnancy rate of 28% in Buyende District, Dr Richard Kabanda, Commissioner in charge of Health Promotion, Education and Strategic Communication engaged with the district leadership and launched the use of community dialogues while following SOPs to address this problem. Community dialogues are important to promote understanding and cooperation between different people and groups. This will allow officials to address impending myths, tension and differences within the communities.",Non-COVID information
39,"On behalf of the Ministry of Health, the Permanent Secretary, Dr. Diana Atwine received a mobile ultrasound machine from Airtel Ugandaas part of their safe motherhood program. The machine will be handed over to Bukwo district to enable mothers deliver safely with appropriate support. ‚ÄúThis machine comes at a time when we are improving maternal child health services across the country. We are positive that this innovation will assist medical workers in dealing with the mothers‚Äù Dr Atwine said. ""The portable device is able to monitor the mother and the unborn baby's health during pregnancy. This is essential in low resource settings"" - Menyo Innocent - Team lead, M-SCAN As part of their support to maternal and child health services, Airtel Uganda will be rolling out this support to the rest of the country.",Non-COVID information
40,"Results of COVID-19 tests done on 02 September,2020 confirm 176 new cases today. This brings the cumulative confirmed cases to 3,288. üî∫Uganda has registered one COVID-19 death today. This brings the total COVID-19 deaths to 33.",New COVID cases or deaths
41,"The Minister for Health, Dr. Jane Ruth Aceng Ocero launched the Malaria Free Uganda (MFU) board, an innovative Public-Private Partnership recently established to sustain and accelerate the National Malaria Response. The Board is composed of: 1. Mr. Kenneth Mugisha, Rotarian Malaria Partners Uganda (Board Chair) 2. Mr. Patrick Bitature, Chairman Simba Group 3. Mr. Solomon Ossiya, Rotarian Malaria Partners Uganda 4. Ms. Lillian Ajarova, CEO, Uganda Tourism Board 5. Mr. Fabian Kasi, CEO, Centenary Bank, 6. Ms. Barbara Mulwana, Chairperson Uganda Manufacturers Association (UMA) 7. Mr. Harrison Mutikanga, CEO, Uganda Electricity Generation Company Limited 8. Ms. Proscovia Nabbanja, CEO, Uganda National Oil Company 9. Ms. Sylvia Arinaitwe, Dep. MD, National Water & Sewerage Corporation 10. Ms. Juliet Kyokunda, CEO Uganda Biodiversity Fund 11. Mr. Bildard Buguma, MD, Joint Medical Stores The Board will Advocate for malaria to remain high on the national development agenda, including for sectors outside of health, Mobilise Financial and in-kind goods and services to plug resource gaps under the national malaria strategic plan, Strengthen Mutual Accountability for achieving a malaria-free Uganda by 2030 and lead the Promotion for the inclusion of MFU into the private sector Corporate Social Responsibility Programs.",Non-COVID information
42,"Results of COVID-19 tests done on 01 September 2020 confirm 75 new cases. The cumulative confirmed cases of Ugandans to-date is 3,112. üî∏Recoveries: 1,528",New COVID cases or deaths
43,"Results of COVID-19 tests done on 31 August,2020 confirm 65 new cases. This brings the cumulative confirmed cases of Ugandans to 3,037. üî∏Recoveries: 1,489 #STAYSAFEUG",New COVID cases or deaths
0,"Results of COVID-19 tests done on 6 October 2020 confirm 178 new cases. The cumulative cases are now 9,260. üî∏Recoveries: 5,588 üî∫One new COVID-19 death registered from Jinja. The total COVID-19 deaths are now 85. The breakdown of the new cases are: Contacts and Alerts (176): Kampala (31), Moroto (28), Kotido (28), Kiryandongo (25), Mukono (9), Napak (7), Rubanda (7), Kaberamaido (8), Wakiso (6), Moyo (6), Katakwi (3), Soroti (3), Amuru (4), Buvuma (2), Gomba (2), Buikwe (1), Jinja (2), Kaabong (1), Kisoro (1), Nakapiripirit (1) and Ntungamo (1) 1 returnee from Tanzania 1 truck driver from Mutukula",New COVID cases or deaths
1,"Through the Ministry of Health, Bukomansimbi District received a fully equipped type B ambulance donated by KOFIH to support emergency medical services. The ambulance received by Dr. Diana Atwine will further support emergency care among communities in the greater Masaka Region. #STAYSAFEUG",Non-COVID information
2,"Results of COVID-19 tests done on 5 October 2020 confirm 117 new cases. The cumulative confirmed cases are now 9,082. üî∏Recoveries: 5,457 üî∫2 new COVID-19 deaths recorded from Amuru and Arua. The total COVID-19 deaths are now 84. The breakdown of the new cases are: Contacts and alerts (114): Kampala (80), Pader (12), Sironko (6), Mbale (5), Arua (4), Amuru (2), Busia (1), Gulu (2), Masindi (1) and Tororo (1) Truck Drivers (3) from Malaba #STAYSAEFUG",New COVID cases or deaths
3,"Results from COVID-19 tests done on 04 October 2020 confirm 157 new cases. The cumulative confirmed cases are 8,965. üî∫1 new COVID-19 death registered from Kumi. The total COVID-19 deaths are now 82. üî∏Recoveries: 5,078 The breakdown of the new cases are: Contacts and alerts (141): Amuru (25), Kampala (22), Abim (12), Jinja (13), Kaabong (14), Kotido (9), Hoima (7), Kumi (8), Napak (7), Amuria (3), Nakapiripirit (5), Serere (3), Katakwi (4), Rakai (2), Buvuma (1), Iganga (1), Kaliro (1) Kikuube (1), Masindi (1), Nabilatuk (1) and Kalaki (1) Returnees (16): Saudi Arabia (13) and Jordan (3)",New COVID cases or deaths
4,"Results from COVID-19 tests done on 3 October 2020 confirm 146 new cases. The cumulative confirmed cases are 8,808. üî∫2 new COVID-19 deaths; from Kampala and Gulu. The total COVID-19 deaths are now 81. üî∏Recoveries: 4,736 The breakdown of the new cases are: Contacts and Alerts (83): Masaka (61), Kampala (11), Gulu (4), Arua (1), Buikwe (1), Buvuma (1), Jinja (1), Luwero (1), Moyo (1), Adjumani (1) Returnees (63): from Oman (44), Jordan (12), Saudi Arabia (5) and South Sudan (2)",New COVID cases or deaths
5,"Results from COVID-19 tests done on 2 October 2020 confirm 171 new cases. The cumulative confirmed cases are 8,662. üî∏Recoveries: 4,546 The breakdown of the new cases are: 117 contacts and alerts: Masaka (43), Kampala (28), Jinja (10), Kole (12), Bukwo (10), Lira (3), Apac (2), Kisoro (2), Mukono (1), Namisindwa (1), Tororo (3), Wakiso (1), Busia (1) 54 returnees: from Jordan (48), Oman (5), UAE (1)",New COVID cases or deaths
6,"Results of COVID-19 tests done on 01 October 2020 confirm 204 new cases. The cumulative confirmed cases are 8,491. üî∫4 new COVID-19 deaths registered. 3 are from Kampala and 1 from Bududa. The total COVID-19 deaths are now 79. üî∏Recoveries: 4,470 The breakdown of the new cases are: Contacts and Alerts (197): Kampala (68), Agago (37), Kapchorwa (11), Busia (10), Kween (9), Namisindwa (6), Jinja (5), Omoro (5), Bududa (5), Buliisa (4), Gulu (4), Mukono (3), Sironko (3), Wakiso (3), Yumbe (5), Butaleja (2), Mbale (2), Soroti (2), Adjumani (1), Amuru (1), Arua (1)Budaka (1), Kagadi (1), Kaliro (1), Kibuku (1), Koboko (1), Kyotera (1), Lira (1), Masindi (1) and Tororo (2) 6 returnees from: UAE (2), Saudi Arabia (1), South Sudan (1), Oman (1), DRC (1) 1 truck driver: Elegu Point of Entry",New COVID cases or deaths
7,"A total of 50 motorcycles have been handed over to 50 selected districts by the Minister for State in charge of General Duties, Hon. Robinah Nabbanja and PS, Dr Diana Atwine. The motorcycles procured with support from the Global Fund are intended to boost TB and Leprosy activities.",Non-COVID information
8,The Ministry of Health with support from Spark Health Africa are supporting District Task Forces in 8 districts across the country to draw mechanisms of innovatively responding to and coping with the devastating effects of the COVID-19 pandemic among local communities. The districts of focus are: 1. Kayunga 2. Mityana 3. Mukono 4. Tororo 5. Iganga 6. Bugiri 7. Mbarara 8. Bushenyi,Other COVID information
9,"Results from COVID-19 tests done on 30 September 2020 confirmed 158 new cases. The cumulative confirmed cases are 8,287. üî∏Recoveries: 4,430 The breakdown of the new cases are: Contacts and Alerts (125): Kampala (76), Kabarole (4), Mbarara (4), Wakiso (4), Butambala (3), Kitgum (3), Mbale (3), Nabilatuk (3), Bududa (2), Dokolo (2), Kisoro (3), Kalaki (2), Mityana (2), Bunyangabu (1), Gomba (1), Hoima (1), Iganga (1) Kaberamaido (1), Kasese (1), Kwania (1), Kyotera (1), Lira (1), Mpigi (1), Napak (1), Ntungamo (1), Rubanda (1) and Soroti (1) 33 returnees: Oman (18), Jordan (10), Afghanistan (5)",New COVID cases or deaths
10,"Results of COVID-19 tests done on 29 September 2020 confirm 112 new cases. The total confirmed cases are now 8,129. üî∏Recoveries: 4,260 The breakdown of the new cases are: Contacts and alerts (109): Namisindwa (16), Pader (12), Gulu (16), Koboko (18), Tororo (6), Kampala (8), Karenga (8), Adjumani (3), Amudat (11), Arua (3), Masaka (2), Amuru (3), Mbale (1) and Moyo (2) 2 returnees from South Sudan 1 truck driver: Elegu",New COVID cases or deaths
11,"The Minister for Health, Dr. Jane Ruth Aceng Ocero has received medical equipment worth USD 250,000 to boost the COVID-19 response. This equipment was procured by the World Health Organization with support from the Government of the Republic of Ireland. These will be deployed at the regional referral hospitals across the country. The equipment includes; - 60 Hand-held Pulse Oximeters - 49 Oxygen Concentrators - 31 High Flow Nasal Cannulas among others and will be used to strengthen care for severe and critically ill COVID-19 patients. #STAYSAFEUG",Other COVID information
12,"The Minister for Health, Dr. Jane Ruth Aceng Ocero will provide an update on the measures that the Ministry of Health is undertaking to mitigate the widespread community transmission of COVID-19 in Uganda. üìÜ: Wednesday, 30 September, 2020 üï∞: 3:00 pm üé•: Live on UBC TV and the Ministry of Health Facebook Page",Other COVID information
13,"The Government of the Republic of Korea has donated 100,000 KF94 masks towards the COVID-19 response in Uganda. The masks were received by the Minister for State in charge of Primary Health Care, Dr Joyce Moriku Kaducu and the Permanent Secretary, Dr. Diana Atwine. The masks will be given to health workers at the various health workers who are working in the COVID-19 treatment units across the country. ""This donation is a boost to the efforts already undertaken by Government to protect the health workers from contracting infection."" Dr Atwine said. The Embassy of the Republic of Korea was represented by Ms. Kim, Ah Young, the First Secretary, Mr. Choi, Jae Hoon, Specialist in Political and Development Affairs and the Ag. Country Director, Mr. Yu, Na Yeong.",Other COVID information
14,"Results from COVID-19 tests done on 28 September 2020 confirm 240 new cases. The cumulative confirmed cases are now 8,017. The breakdown of the new cases are: Contacts and alerts (220): Kampala (53), Moroto (25), Amuru (22), Nabilatuk (11), Abim (28), Gomba (9), Nakapiripirit (7), Kapchorwa (6), Lamwo (5), Mbale (5), Budaka (4), Napak (4), Wakiso (4), Gulu (3), Ngora (3), Kaberamaido (2), Rakai (2), Agago (1), Bulambuli (1), Butebo (1), Iganga (1), Kalaki (1), Kibuku (1), Sironko (1), Soroti (1), Tororo (1) 38 returnees from Saudi Arabia",New COVID cases or deaths
15,"Results of COVID-19 tests done on 27 September 2020 confirm 247 new cases. The cumulative confirmed cases are now 7,777. üî∏Recoveries: 4,033 üî∫2 new COVID-19 deaths recorded in Kampala. The total COVID-19 deaths are now 75. The breakdown of the new cases are: ‚Ä¢Contacts and Alerts (224): Kampala (116), Luwero (17), Iganga (9), Gulu (8), Agago (7), Moyo (7), Wakiso (5), Busia (4), Hoima (3), Jinja (6), Masaka (4), Mayuge (3), Mbale (4), Arua (3), Budaka (2), Bulambuli (2), Kaliro (1), Kanungu (2) Kisoro (2), Kiryandongo (2), Kumi (2), Mukono (2), Pallisa (2), Buikwe (1), Bundibugyo (1), Bunyangabu (1), Buvuma (1), Kyotera (1), Lira (1), Moroto (1), Nebbi (1), Ntungamo (1), Tororo (1) and Zombo (1) ‚Ä¢23 returnees: from Saudi Arabia (18), India (4) and South Sudan (1) #STAYSAFEUG",New COVID cases or deaths
16,"Results from COVID-19 tests done on 26 September 2020 confirm 166 new cases. The cumulative confirmed cases are now 7,530. üî∏Recoveries: 3,647 üî∫2 new COVID-19 deaths from Kampala recorded today. Total COVID-19 deaths are now 73. The breakdown of the new cases: Contacts and Alerts (165): Pader (47), Kampala (34), Koboko (22), Kole(12), Adjumani (16),Wakiso(7), Gulu (9), Kiryandongo (4), Lamwo (3), Yumbe (2), Amolatar (2), Hoima (2), Luwero (2), Masindi (1), Amuru (1)and Arua (1) 1 truck driver from Elegu",New COVID cases or deaths
17,"Results from COVID-19 tests done on 25 September,2020 confirmed 146 new cases. The cumulative confirmed cases are now 7,364. üî∏Recoveries: 3,647 The break down of the new cases are: Contacts and alerts(133): Kampala (51), Namisindwa (13), Arua (12), Mityana (10), Tororo (7), Busia (5), Kitgum (5), Mbale (5), Nwoya (5), Wakiso (5), Gulu (3), Bukwo (4), Jinja (2), Karenga (2), Lira (1), Luwero (1), Soroti (1) and Yumbe (1) 7 truck drivers: Malaba (6), Busia (1) 6 returnees: Saudi Arabia (4), Malawi (1), South Sudan(1)",New COVID cases or deaths
18,"The Permanent Secretary, Dr. Diana Atwine launched the sickle cell awareness fundraising campaign. This campaign is intended to intensify awareness about Sickle Cell Disease and provide free screening services. The funds from this campaign will be used to create a registry for all sickle cell warriors. This will help give specialised health care, promote awareness and testing, and provide telemedicine services using LifeHealth CTC by availing 10,000 smart phones to the warriors. ""Studies showed the prevalence of sickle cell trait at 13.3%.This is very high. This calls for pre marital screening for sickle cell and newborn screening"" Dr Atwine said. Dr Atwine lauded the partnership from the various players to ensure that the sickle cell warriors have access to services as and when required. ""There are so many people upcountry that have not sought care. Sickle cell is a chronic illness that affects people from childhood and they give up many activities for the sake of being alive. They require to be supported, cared for and understood"" she added. Dr Atwine further emphasized that every coin raised from this campaign will help every child affected by sickle cell. The Head of Public Relations and Partnerships, CTI Africa, Mihigo Davidson expressed commitment to support Ministry of Health in improving access to health care in the country. ""We are glad to partner and improve healthcare access and affordability for sickle cell patients in Uganda. LifeHealth CTC reduces the financial burdens associated with disease management for patients"" he said. The Director General Health Services, Dr Henry Mwebesa pledged the commitment of Ministry of Health to strengthen partnership in this innovation in ensuring that every sickle cell child is able to live a quality life. The Sickle Cell Fundraising Campaign was launched in partnership with CTI Africa Uganda Sickle Cell Rescue Foundation and The Doc Talk Show.",Non-COVID information
19,"Results of COVID-19 tests done on 24 September, 2020 confirm 154 new cases. The cumulative confirmed cases are now 7,218. üî∏Recoveries: 3,611 üî∫One new COVID-19 death from Gulu. Total COVID-19 deaths are 71. The breakdown of the 154 new cases are: ‚Ä¢Contacts and Alerts (135): Kampala (45), Amudat (22), Mukono (20), Mbale (10), Lamwo (8), Wakiso (6), Luwero (4), Amuru (3), Gulu (3), Bunyangabu (2), Dokolo (3), Jinja (2), Kapchorwa (3), Agago (1), Buikwe (1), Bukedea (1) and Omoro (1) ‚Ä¢ Returnees (19): from Saudi Arabia",New COVID cases or deaths
20,"The Prime Minister, Rt. Hon. Dr Ruhakana Rugunda has today flagged off 10 ambulances procured by Uganda Red Cross Society with funding from Government of Uganda. The 10 fully equipped ambulances classified as class B cost UGX 2Bn are aimed at improving emergency and accident response along major highways in Uganda. ‚ÄúThis is a big achievement for our country. This collaboration is crucial because Uganda Red Cross has the capacity. There is already substantial evidence with Bududa and recently when we were faced with the COVID-19 response pandemic‚Äù ~ Dr Rugunda said. ‚ÄúIt is our dream that in the next three years we shall have a fleet for every region with call centres. We hope that these ambulances are centrally managed‚Äù ~ Dr. Diana Atwine said. The ambulances will provide emergency services on the highways of Kampala-Masaka-Mbarara- Kabale, Lira-Mbale, Kampala-Gulu,Kampala-Malaba and 2 will be stationed in the Kampala Metropolitan Area. #STAYSAFEUG",Non-COVID information
21,"Results of COVID-19 tests done on 23 September, 2020 confirm 185 new cases. The cumulative cases are now 7,064. üî∏Recoveries: 3,226 üî∫1 new death registered from Kisoro. The total COVID-19 deaths are now 70. The breakdown of the 185 new cases are: Contacts and Alerts (184): Kampala (55), Omoro (23), Kapchorwa (14), Mukono (12), Apac (10), Gulu (7), Mbale (7), Sironko (7), Rakai (6), Arua (4), Butaleja (5), Jinja (4), Masaka (6), Terego (4), Oyam (3), Bundibugyo (2), Lira (2), Nwoya (2), Sheema (2), Bushenyi (1), Ibanda (1), Isingiro (1), Kaberamaido (1), Kayunga (1), Kisoro (1), Tororo (1), Wakiso (1) and Zombo (1) ‚Ä¢ Returnee (1) from India",New COVID cases or deaths
22,"‚ÄúMistrust and disinformation put health and lives at risk,and undermine trust in science, in institutions and in health systems‚Äù ~ WHO Director General, Dr Tedros Adhanom Ghebreyesus said. Join Dr Richard Kabanda, the Ag. Commissioner in charge of Health Promotion, Education and Strategic Communication today at 3:00pm as he talks about how Ministry of Health tackles misinformation during the COVID-19 outbreak. #STAYSAFEUG",Other COVID information
23,"Accelerating Uganda's TB Response. Join the conversation on how Uganda can enhance response to Tuberculosis, a growing public health threat",Non-COVID information
24,"Tuberculosis remains a major public health problem in Uganda. The disease affects all people regardless of socioeconomic status, education background, age and sex. Join the Facebook Live session today via U.S. Embassy Kampala as experts discuss ‚ÄúAccelerating Uganda‚Äôs TB Response‚Äù",Non-COVID information
